Product1,1200,Amex,Megan,La Alberca,Murcia
Product1,1200,Amex,Christof and Heidi,Barcelona,Catalonia
Product1,1200,Visa,Jan,Barcelona,Catalonia
Product1,1200,Visa,Karen,Madrid,Madrid
Product1,1200,Mastercard,DOREEN,Madrid,Madrid
Product1,1200,Mastercard,Andrew,Sevilla,Andalucia
Product2,3600,Amex,Katie,Gava,Catalonia
Product1,1200,Visa,Bent Erik,Basauri,Pais Vasco
Product1,1200,Visa,beatrice,Churra,Murcia
Product1,1200,Mastercard,Jerome,Madrid,Madrid
Product1,1200,Visa,Roza,Alcobendas,Madrid
Product1,1200,Visa,T,El Escorial,Madrid
