Product1,1200,Visa,Robin,Milan,Lombardy
Product1,1200,Mastercard,Elaine,Vicenza,Veneto
Product2,3600,Amex,Leila,Ponte San Nicolo,Veneto
Product2,3600,Visa,Natasha,Milano,Lombardy
Product1,1200,Mastercard,Pilar,Florence,Tuscany
Product2,3600,Mastercard,don,Cagliari,Sardinia
Product1,1200,Visa,Katerina,Firenze,Tuscany
Product1,1200,Visa,Fernando,Grosseto,Tuscany
Product1,1200,Visa,Nacole,Milan,Lombardy
Product1,1200,Visa,Jupiterlina Elika,Rome,Lazio
Product1,1200,Diners,Tracy,Lucca,Tuscany
Product1,1200,Visa,Michael,Milano,Lombardy
Product3,7500,Diners,Michel,Lipari,Sicilia
Product3,7500,Diners,natalie,Lipari,Sicilia
Product1,1200,Diners,jure,Lipari,Sicilia
