Product1,1200,Visa,Gouya,Echuca,Victoria
Product2,3600,Visa,James,Burpengary,Queensland
Product1,1200,Mastercard,Frank,Melbourne,Victoria
Product1,1200,Visa,chris,Gold Coast,Queensland
Product1,1200,Visa,IMAN,Brisbane,Queensland
Product1,1200,Amex,jeremy,Charlestown,New South Wales
Product1,1200,Visa,Elizabeth,The Grange,Queensland
Product1,1200,Visa,Bob,Sydney,New South Wales
Product1,1200,Visa,Elizabeth,Wollongong,New South Wales
Product1,1200,Mastercard,Morgan,Coomera,Queensland
Product2,3600,Visa,STEPHANIE,Mona Vale,New South Wales
Product1,1200,Mastercard,Emma,Sydney,New South Wales
Product1,1200,Visa,Marina,Nerang,Queensland
Product1,1200,Mastercard,Nicole,South Melbourne,Victoria
Product1,1200,Visa,nina,Warwick,Queensland
Product1,1200,Visa,Amy,Parramatta,New South Wales
Product2,3600,Visa,eva,Gisborne,Victoria
Product1,1200,Mastercard,John,Griffith,New South Wales
Product1,1200,Visa,Jacob,Lindfield,New South Wales
Product1,1200,Visa,Ruangrote,Melbourne,Victoria
Product1,1200,Visa,Eric,Melbourne,Victoria
Product1,1200,Diners,Dawn,Vaucluse,New South Wales
Product1,1200,Visa,Michelle,Lyndoch,South Australia
Product1,1200,Visa,Lisa,Perth,Western Australia
Product1,1200,Mastercard,Tina,Anglesea,Victoria
Product1,1200,Visa,Sara,Perth City,Western Australia
Product1,1200,Visa,Ellen Walton�,Melbourne,Victoria
Product2,3600,Visa,Kees en Valesca,Scamander,Tasmania
Product1,1200,Mastercard,Dean,Rockingham,Western Australia
Product1,1200,Amex,Kirsten,Melbourne,Victoria
Product2,3600,Mastercard,Piret,Bunbury,Western Australia
Product1,1200,Mastercard,Elisabeth,Birkdale,Queensland
Product1,1200,Visa,Ann,Brisbane,Queensland
Product1,1200,Visa,Polyxene,Perth,Western Australia
Product2,3600,Diners,clara,Perth,Western Australia
Product1,1200,Mastercard,KELI,Worongary,Queensland
Product2,3600,Mastercard,Anke,Avalon,New South Wales
Product2,3600,Mastercard,TRICIA,Sydney,New South Wales
