Product1,1200,Mastercard,SYLVIA,Vesenaz,Geneve
Product2,3600,Mastercard,Deirdre,Lausanne,Vaud
Product1,1200,Mastercard,Tammy,Morges,Vaud
Product1,1200,Visa,Sherri,Freienbach,Schwyz
Product2,3600,Visa,Kristen,Binningen,Basel-Country
Product1,1200,Visa,katie,Ruschlikon,Zurich
Product2,3600,Mastercard,Anne-line,Zug,Zug
Product2,3600,Amex,Pamela,Bellinzona,Ticino
Product1,1200,Visa,isabel,Ruti,Zurich
Product1,1200,Mastercard,Shane,Zurich,Zurich
Product1,1200,Amex,Claire,Versoix,Geneve
Product2,3600,Visa,Niki,Trelex,Vaud
Product2,3600,Mastercard,Meredith,Kloten,Zurich
Product1,1200,Visa,Richard and Comfort,Regensdorf,Zurich
Product1,1200,Mastercard,Melissa,Geneve,Geneve
Product1,1200,Mastercard,Yvette,Aubonne,Vaud
Product2,3600,Visa,george,Zurich,Zurich
Product1,1200,Visa,Nicole,Neuchatel,Neuchatel
Product1,1200,Visa,VERBENA,Basel,Basel-Town
Product1,1200,Visa,Sarah,Plan-les-Ouattes,Geneve
Product1,1200,Diners,Suejean,Gingins,Vaud
Product2,3600,Visa,minjeong,Bern,Bern
Product1,1200,Mastercard,Lusell,Oberwil,Basel-Country
Product1,1200,Visa,Katrin,Zumikon,Zurich
Product2,3600,Mastercard,Louise,Balgach,St Gallen
Product2,3600,Visa,Melissa,Carouge,Geneve
Product2,3600,Visa,Scott,Lausanne,Vaud
Product1,1200,Mastercard,Tarja,Villars,Vaud
Product2,3600,Visa,Liz,Langnau,Zurich
Product1,1200,Visa,danielle,Geneve,Geneve
Product1,1200,Visa,manuela,Massagno,Ticino
Product2,3600,Mastercard,Caroline,Begnins,Vaud
Product2,3600,Visa,Karen,Berikon,Aargau
Product1,1200,Amex,Tary,Zug,Zug
Product1,1200,Visa,Kerry,Anieres,Geneve
Product1,1200,Mastercard,Lesleigh,Baden,Aargau
