Product1,1200,Mastercard,Bonnie,Saltsjobaden,Stockholm
Product2,3600,Visa,ayelet,Malmo,Skane
Product1,1200,Visa,Marion,Umea,Vasterbotten
Product1,1200,Mastercard,Kate,Stockholm,Stockholm
Product1,1200,Amex,mary,Nacka,Stockholm
Product1,1200,Mastercard,JP,Tierp,Uppsala
Product1,1200,Amex,R,Danderyd,Stockholm
Product1,1200,Visa,Ed,Nacka,Stockholm
Product1,1200,Visa,Esther,Stocksund,Stockholm
Product1,1200,Visa,Diane,Djurgarden,Stockholm
Product2,3600,Amex,Olympe,Lidingo,Stockholm
Product2,3600,Visa,Michael,Norrkoping,Ostergotland
Product1,1200,Mastercard,Detlev,Taby,Stockholm
