Product1,1200,Visa,Aidan,Chatou,Ile-de-France
Product1,1200,Visa,Stephanie,Rouen,Upper Normandy
Product2,3600,Visa,Tiffany�,Paris,Ile-de-France
Product3,7500,Visa,Marion,Rennes,Brittany
Product1,1200,Diners,Karen,Roquefort,Provence-Alpes-Cote d'Azur
Product1,1200,Amex,Lisa,Brulon,Pays de la Loire
Product2,3600,Mastercard,Jane,Biot,Provence-Alpes-Cote d'Azur
Product1,1200,Amex,James,Guer,Brittany
Product1,1200,Visa,Sabrina,Rambouillet,Ile-de-France
Product1,1200,Mastercard,T,Veigy-Foncenex,Rhone-Alpes
Product2,3600,Mastercard,Jag,Saint-Cergues,Rhone-Alpes
Product2,3600,Visa,Maggie,Paris,Ile-de-France
Product1,1200,Diners,Adam,Besancon,Franche-Comte
Product1,1200,Visa,Anna,Paris,Ile-de-France
Product1,1200,Visa,Sarah,Ornex,Rhone-Alpes
Product2,3600,Visa,Michael,Paris,Ile-de-France
Product1,1200,Visa,Anja,Ferney-Voltaire,Rhone-Alpes
Product1,1200,Diners,Kim,Paris,Ile-de-France
Product1,1200,Mastercard,steve,Evires,Rhone-Alpes
Product1,1200,Visa,M George,Paris,Ile-de-France
Product1,1200,Visa,Oscar,Chamonix-Mont-Blanc,Rhone-Alpes
Product1,1200,Visa,Vanessa,Arc-et-Senans,Franche-Comte
Product1,1200,Visa,Kasey,Aix-en-Provence,Provence-Alpes-Cote d'Azur
Product1,1200,Visa,Alyssa,Antibes,Provence-Alpes-Cote d'Azur
Product1,1200,Visa,Olga,Strasbourg,Alsace
Product1,1200,Diners,brian,Hagen,Lorraine
Product2,3600,Amex,Ghislaine,Ferney-Voltaire,Rhone-Alpes
