Product1,1200,Visa,Mehmet Fatih,Helsingor,Frederiksborg
Product1,1200,Mastercard,simone,Kobenhavn,Kobenhavn
Product1,1200,Visa,Alice,Nakskov,Storstrom
Product1,1200,Mastercard,Si,Holte,Kobenhavn
Product1,1200,Mastercard,Gerlinde,Hellerup,Kobenhavn
Product1,1200,Visa,Cameron,Rungsted,Frederiksborg
Product1,1200,Visa,GAIA,Soro,Vestsjalland
Product1,1200,Mastercard,simone,Lyngby,Kobenhavn
Product1,1200,Visa,George,Nakskov,Storstrom
Product1,1200,Visa,chris,Kjobenhavn,Staden Kobenhavn
Product1,1200,Visa,Scott,Rungsted,Frederiksborg
Product1,1200,Visa,Tomasz,Klampenborg,Kobenhavn
Product1,1200,Mastercard,Andrea,Brondby Strand,Kobenhavn
Product1,1200,Visa,Majken,Charlottenlund,Kobenhavn
Product1,1200,Visa,Lauren,Laasby,Arhus
