Product1,1200,Amex,Heidi,Eindhoven,Noord-Brabant
Product1,1200,Mastercard,Stephanie,Badhoevedorp,Noord-Holland
Product1,1200,Mastercard,Regina,Glimmen,Groningen
Product1,1200,Diners,Linda,Den Haag,Zuid-Holland
Product1,1200,Mastercard,sunny,Amsterdam,Noord-Holland
Product1,1200,Mastercard,Antonella,Amsterdam,Noord-Holland
Product1,1200,Visa,Tricia,Castricum,Noord-Holland
Product1,1200,Amex,Larry,Naarden,Noord-Holland
Product2,3600,Mastercard,Elizabeth,Den Haag,Zuid-Holland
Product1,1200,Mastercard,Celina,Den Haag,Zuid-Holland
Product1,1200,Visa,Caterina,Amsterdam,Noord-Holland
Product1,1200,Amex,Darrah,Den Haag,Zuid-Holland
Product1,1200,Mastercard,Angel Marie,Den Haag,Zuid-Holland
Product2,3600,Visa,Julia,Ede,Gelderland
Product2,3600,Mastercard,Kelsi,Utrecht,Utrecht
Product1,1200,Mastercard,Nola,Den Haag,Zuid-Holland
Product1,1200,Mastercard,Scott,Den Haag,Zuid-Holland
Product3,7500,Mastercard,Brona,Den Haag,Zuid-Holland
Product2,3600,Visa,Stephanie,Hilversum,Noord-Holland
Product1,1200,Mastercard,Hilde,Groningen,Groningen
Product1,1200,Mastercard,Chris,Den Haag,Zuid-Holland
Product2,3600,Mastercard,Parth,Oegstgeest,Zuid-Holland
