Product2,3600,Mastercard,Marcia,Telgte,Nordrhein-Westfalen
Product1,1200,Diners,Petra,Bergen,Nordrhein-Westfalen
Product1,1200,Mastercard,Katherine,Hofheim am Taunus,Hessen
Product2,3600,Visa,Caren,Braunschweig,Lower Saxony
Product1,1200,Mastercard,Saraya,Dresden,Saxony
Product2,3600,Amex,Lucien,Wiesbaden,Hessen
Product1,1200,Visa,Jessica,Oldenburg,Lower Saxony
Product2,3600,Mastercard,Irene,Munich,Bayern
Product1,1200,Mastercard,john,Glan-Munchweiler,Rhineland-Palatinate
Product1,1200,Mastercard,Rebecca,Berlin,Berlin
Product1,1200,Mastercard,Beate,Hamburg,Hamburg
Product1,1200,Visa,Lauren,Gries,Rhineland-Palatinate
Product1,1200,Mastercard,Carmela,Hannover,Lower Saxony
Product1,1200,Visa,Bato,Munchengosserstadt,Thuringia
Product1,1200,Visa,Rich,Ingelheim-Mitte,Rhineland-Palatinate
Product2,3600,Visa,Hanna Agla,Donauworth,Bayern
Product1,1200,Mastercard,Alexis,Ehingen an der Donau,Baden-Wurttemberg
Product1,1200,Visa,Martin,Ludwigsburg,Baden-Wurttemberg
Product1,1200,Diners,amy,Stuttgart,Baden-Wurttemberg
Product1,1200,Amex,Karen and Andrew,Munchen,Bayern
Product1,1200,Visa,Dania,Munich,Bayern
Product1,1200,Mastercard,Mary,Stuttgart,Baden-Wurttemberg
Product1,1200,Mastercard,Damian,Mettlach,Saarland
Product1,1200,Diners,Evelyn,Grossbodungen,Thuringia
Product1,1200,Visa,stacy,Stuttgart,Baden-Wurttemberg
