Product1,1200,Visa,Stefan,Stavanger,Rogaland
Product1,1200,Visa,Dr. Claudia,Oslo,Oslo
Product1,1200,Visa,Jannik�,Holmenkollen,Oslo
Product1,1200,Visa,nicole,Oslo,Oslo
Product1,1200,Mastercard,Liban,Stavanger,Rogaland
Product1,1200,Visa,frauke,Horten,Vestfold
Product1,1200,Mastercard,Pia�,Sola,Rogaland
Product1,1200,Visa,Nicole,Aardal,Sogn og Fjordane
Product1,1200,Diners,Jennifer,Nordstrand,Oslo
Product1,1200,Visa,Krista,Bergen,Hordaland
Product1,1200,Visa,sangeeta,Vossevangen,Hordaland
Product1,1200,Diners,Selene,Oslo,Oslo
Product2,3600,Visa,Astrid,Oslo,Oslo
Product1,1200,Mastercard,David,Stavenger,Rogaland
Product1,1200,Visa,Laleh,Aasgaardstrand,Vestfold
Product1,1200,Visa,Elaine,Tranby,Buskerud
